{"train_losses": [4.429563885576584, 1.7294735564905055, 1.4176310700528763, 1.2875614601023058, 1.1830848476466012, 1.0842114820199855, 1.0017666080418755, 0.9340146131375257, 0.8792515109567082, 0.8349388196187861, 0.7946352022535661, 0.7627372531329885, 0.7404912510338951, 0.7193077855250415, 0.703558691108928, 0.6899903371053584, 0.6801257869776558, 0.6728911045719596, 0.6637849856825436, 0.6584949882591472, 0.6506221311933854, 0.6447936356067657, 0.6420785406056573, 0.6327764188542085, 0.6342780579538906, 0.6258360785596511, 0.6224444413886351, 0.6180370649870705, 0.6136955440044403, 0.6051227264544543, 0.6044683452914743, 0.5959930030738606, 0.5946047032580656, 0.5921606147990507, 0.5870495024849387, 0.5847612072439755, 0.5861133193268495, 0.5809402851497426, 0.5772943377494812, 0.5760657846927643, 0.5750873158959782, 0.572864946898292, 0.570281967345406, 0.5699773690279792, 0.5683678911012762, 0.5654549910741694, 0.5643809069605434, 0.5626469412270714, 0.559876951750587, 0.5596317249185899, 0.5480580803226022, 0.5463781465502346, 0.5471620314261493, 0.5461547094232896, 0.5464667421929976, 0.5462366158471388, 0.5454801934606889, 0.5443507247111377, 0.543009114966673, 0.5427790252601399], "valid_losses": [4.429563885576584, 1.7294735564905055, 1.4176310700528763, 1.2875614601023058, 1.1830848476466012, 1.0842114820199855, 1.0017666080418755, 0.9340146131375257, 0.8792515109567082, 0.8349388196187861, 0.7946352022535661, 0.7627372531329885, 0.7404912510338951, 0.7193077855250415, 0.703558691108928, 0.6899903371053584, 0.6801257869776558, 0.6728911045719596, 0.6637849856825436, 0.6584949882591472, 0.6506221311933854, 0.6447936356067657, 0.6420785406056573, 0.6327764188542085, 0.6342780579538906, 0.6258360785596511, 0.6224444413886351, 0.6180370649870705, 0.6136955440044403, 0.6051227264544543, 0.6044683452914743, 0.5959930030738606, 0.5946047032580656, 0.5921606147990507, 0.5870495024849387, 0.5847612072439755, 0.5861133193268495, 0.5809402851497426, 0.5772943377494812, 0.5760657846927643, 0.5750873158959782, 0.572864946898292, 0.570281967345406, 0.5699773690279792, 0.5683678911012762, 0.5654549910741694, 0.5643809069605434, 0.5626469412270714, 0.559876951750587, 0.5596317249185899, 0.5480580803226022, 0.5463781465502346, 0.5471620314261493, 0.5461547094232896, 0.5464667421929976, 0.5462366158471388, 0.5454801934606889, 0.5443507247111377, 0.543009114966673, 0.5427790252601399], "rmses": [0.07419594449990073, 0.06899846807672341, 0.06659505579998079]}