{"losses": [1.6454250154107115, 1.6028266916441363, 1.5884270058121792, 1.582347561453664, 1.5810523095519045, 1.569710493780846, 1.5631322735963866, 1.5570180256699406, 1.5525779855805775, 1.5447792923727701], "rmses": [0.12068502088619545]}